event_id,event_title,event_url,subreddit,author_name,timestamp_utc,likes,comments,clean_event_text,event_content
t3_bengaluru_airport_late_night_travel_tips,Bangalore Airport to Electronic City - Late Night Travel Tips,https://www.reddit.com/r/bangalore/comments/bengaluru_airport_late_night_travel_tips/,bangalore,BangaloreAirportFan,2024-07-20T05:30:00Z,120,45,A user asks for tips on the best way to travel from Bangalore Airport to Electronic City late at night.,Planning to land at Bangalore Airport around 1 AM next week. What's the safest and most efficient way to get to Electronic City at that hour? Are cabs readily available or should I pre-book? Any specific app recommendations?
t3_blr_airport_t2_delays,BLR Airport T2 International Departures - Massive Delays!,https://www.reddit.com/r/india/comments/blr_airport_t2_delays/,india,TravelerFromBLR,2024-07-19T10:15:00Z,340,88,A post discusses the long queues and delays experienced at Bangalore Airport's T2 international departures.,Just got through T2 international departures at Bangalore Airport and the queues were insane! Took me almost 2 hours to clear security and immigration. Anyone else facing similar issues recently? Is this the new normal?
t3_bangalore_airport_to_manyata,Quickest Way from Bangalore Airport to Manyata Tech Park (Morning Peak),https://www.reddit.com/r/bangalore/comments/bangalore_airport_to_manyata/,bangalore,TechieInBLR,2024-07-18T23:00:00Z,85,30,A user seeks advice on the fastest route from Bangalore Airport to Manyata Tech Park during peak morning hours.,"Need to reach Manyata Tech Park from Bangalore Airport by 9 AM. Landing at 7 AM. What's the quickest way to get there, considering morning traffic? BMTC Vayu Vajra vs. app cabs vs. pre-booked taxis?"
t3_blr_airport_third_runway,Bangalore Airport's Proposed Third Runway - Insights Needed!,https://www.reddit.com/r/aviation/comments/blr_airport_third_runway/,aviation,AviationEnthusiast,2024-07-17T15:45:00Z,210,67,A discussion on the proposed third runway at Bangalore Airport and its potential impact on flight operations.,"Heard talks about Bangalore Airport planning a third runway. How will this affect flight capacity, noise pollution, and overall airport expansion plans? Any official announcements or reliable sources on this?"
t3_bangalore_airport_metro_review,Bangalore Airport Metro - User Reviews & Recommendations?,https://www.reddit.com/r/bangalore/comments/bangalore_airport_metro_review/,bangalore,FirstTimeVisitor,2024-07-16T08:00:00Z,150,55,A new visitor to Bangalore asks for recommendations on using the airport metro line after its full completion.,Visiting Bangalore for the first time next month. How convenient is the new airport metro line now that it's fully operational? Is it recommended over cabs for reaching MG Road area?
t3_blr_airport_parking_woes,Bangalore Airport Parking Fees - Overpriced!,https://www.reddit.com/r/bangalore/comments/blr_airport_parking_woes/,bangalore,FrequentFlyerBLR,2024-07-15T19:20:00Z,280,72,A user complains about the high parking fees at Bangalore Airport and seeks alternatives.,The parking fees at Bangalore Airport are getting ridiculous! Paying a fortune just for a few hours. Are there any cheaper alternatives or nearby parking facilities for long-term stays?
t3_blr_airport_t2_efficiency,Bangalore Airport: T2 Operations and Efficiency,https://www.reddit.com/r/india/comments/blr_airport_t2_efficiency/,india,AirlineEmployee,2024-07-14T11:00:00Z,180,40,A post discussing the efficiency and operational improvements at Bangalore Airport post-T2 inauguration.,"Working at Bangalore Airport, I've noticed significant improvements in operational efficiency since T2 opened. Less congestion, smoother baggage handling. What are your observations as passengers?"
t3_blr_airport_vegetarian_food,Best Vegetarian Food at Bangalore Airport?,https://www.reddit.com/r/bangalore/comments/blr_airport_vegetarian_food/,bangalore,LocalGuideBLR,2024-07-13T06:40:00Z,60,25,A user is looking for vegetarian food options inside Bangalore Airport that are healthy and affordable.,Any good recommendations for vegetarian food options inside Bangalore Airport? Looking for something healthy and not too expensive before my flight.
t3_bangalore_airport_lounge_review,Bangalore Airport Lounges: Which One to Choose?,https://www.reddit.com/r/travel/comments/bangalore_airport_lounge_review/,travel,PassengerReviewer,2024-07-12T14:10:00Z,130,38,"A review of the lounge facilities available at Bangalore Airport, comparing different options.","Detailed review of the lounges at Bangalore Airport (080 Lounge, Plaza Premium, etc.). Which one offers the best experience for international travelers in terms of food, comfort, and amenities?"
t3_blr_airport_overnight_layover,Overnight Layover at Bangalore Airport - Tips?,https://www.reddit.com/r/travelindia/comments/blr_airport_overnight_layover/,travelindia,NightOwlTraveller,2024-07-11T21:55:00Z,50,20,A user asks for advice on staying overnight at Bangalore Airport due to a long layover.,"I have a 10-hour layover at Bangalore Airport overnight. Are there comfortable places to rest or sleep, or should I consider a transit hotel? Any tips for spending the night safely?"
t3_bangalore_airport_road_traffic,Bangalore Airport Road Traffic Nightmare!,https://www.reddit.com/r/bangalore/comments/bangalore_airport_road_traffic/,bangalore,CommuterBLR,2024-07-21T09:00:00Z,400,95,A post discussing the challenges and increasing traffic congestion on the road leading to Bangalore Airport.,The traffic on the airport road is getting worse by the day! It took me almost 3 hours to reach Bangalore Airport from the city center this morning. What are the solutions to this mess?
t3_blr_airport_lost_baggage,Lost Baggage at Bangalore Airport - What to Do?,https://www.reddit.com/r/travelindia/comments/blr_airport_lost_baggage/,travelindia,LostAndFoundBLR,2024-07-20T17:00:00Z,40,15,A user asks about the process for retrieving lost baggage at Bangalore Airport.,My baggage didn't arrive on my flight to Bangalore Airport. Has anyone dealt with their lost and found department? What's the best way to track and retrieve missing luggage?
t3_blr_airport_new_routes,New International Routes from Bangalore Airport!,https://www.reddit.com/r/india/comments/blr_airport_new_routes/,india,AirlinesIndia,2024-07-19T09:30:00Z,200,50,A post about new direct international flights being introduced from Bangalore Airport.,Exciting news! Bangalore Airport is adding new direct international routes to Europe and Southeast Asia. This should significantly boost connectivity. Any thoughts on which airlines will operate these?
t3_bangalore_airport_plane_spotting,Plane Spotting Near Bangalore Airport?,https://www.reddit.com/r/bangalore/comments/bangalore_airport_plane_spotting/,bangalore,PhotographyBLR,2024-07-18T14:00:00Z,75,18,A request for good spots for plane spotting near Bangalore Airport.,Looking for recommendations for plane spotting locations near Bangalore Airport. Are there any publicly accessible areas with a good view of the runways for photography?
t3_blr_airport_startup_accelerator,Bangalore Airport Launches Startup Accelerator!,https://www.reddit.com/r/startups/comments/blr_airport_startup_accelerator/,startups,StartupLifeBLR,2024-07-17T07:15:00Z,90,22,Discussion about the new startup accelerator program launched at Bangalore Airport.,Interesting to see Bangalore Airport launching a new accelerator program for aviation tech startups. This could be a game-changer for the ecosystem. Any insights into the types of startups they're looking for?
t3_bangalore_airport_nearby_food,Good Food Options Near Bangalore Airport?,https://www.reddit.com/r/bangalore/comments/bangalore_airport_nearby_food/,bangalore,FoodieInBLR,2024-07-16T12:00:00Z,80,35,A user asks for recommendations for good restaurants or cafes near Bangalore Airport.,Flying out of Bangalore Airport early morning and want to grab a bite outside before heading in. Any good cafe or restaurant recommendations close to the airport?
t3_blr_airport_accessibility,Accessibility at Bangalore Airport for Disabled Passengers?,https://www.reddit.com/r/india/comments/blr_airport_accessibility/,india,DisabledTraveller,2024-07-15T08:30:00Z,110,28,A query regarding accessibility features and assistance for disabled passengers at Bangalore Airport.,"What are the accessibility features like at Bangalore Airport for passengers with disabilities? Is assistance readily available for wheelchair users, and what's the process for requesting it?"
t3_bangalore_airport_budget_transport,Budget Transport from Bangalore Airport to Koramangala?,https://www.reddit.com/r/bangalore/comments/bangalore_airport_budget_transport/,bangalore,StudentTraveler,2024-07-14T22:00:00Z,55,19,A user asks about the best budget-friendly transport from Bangalore Airport to Koramangala.,Landing at Bangalore Airport soon and need to get to Koramangala on a tight student budget. What's the cheapest but still safe option? BMTC Vayu Vajra or shared cabs?
t3_blr_airport_security_tips,Bangalore Airport Security Check - Efficiency & Tips,https://www.reddit.com/r/travel/comments/blr_airport_security_tips/,travel,AirportSecurity,2024-07-13T10:00:00Z,160,42,A post discussing the efficiency of security checks at Bangalore Airport.,"How efficient are the security checks at Bangalore Airport these days? Any tips to clear them faster, especially during peak hours? Is there any expedited screening for certain passengers?"
t3_bangalore_airport_future_plans,Future Expansion Plans for Bangalore Airport?,https://www.reddit.com/r/urbanplanning/comments/bangalore_airport_future_plans/,urbanplanning,InfrastructureWatcher,2024-07-12T05:20:00Z,100,30,A discussion on the future expansion plans for Bangalore Airport beyond the current terminals.,What are the long-term expansion plans for Bangalore Airport? Are there any proposals for a third terminal or further enhancement of existing infrastructure to handle increasing passenger traffic?
t3_blr_airport_dutyfree,Duty-Free Shopping at Bangalore Airport - Best Buys?,https://www.reddit.com/r/bangalore/comments/blr_airport_dutyfree/,bangalore,ShopaholicBLR,2024-07-11T16:45:00Z,30,12,"A user asks for recommendations for duty-free shopping at Bangalore Airport, particularly for perfumes and electronics.","Flying internationally from Bangalore Airport soon. How are the duty-free options, especially for perfumes and electronics? Any specific recommendations or price comparisons?"
t3_bangalore_airport_atc,Bangalore Airport ATC & Runway Conditions (Pilot Discussion),https://www.reddit.com/r/pilots/comments/bangalore_airport_atc/,pilots,PilotLife,2024-07-10T09:00:00Z,100,25,A discussion among pilots about air traffic control and runway conditions at Bangalore Airport.,"Fellow pilots, how's ATC coordination and runway conditions at Bangalore Airport been lately? Any new procedures or NOTAMs to be aware of for approaches and departures?"
t3_blr_airport_noise_pollution,Impact of Bangalore Airport's Growth on Local Residents,https://www.reddit.com/r/india/comments/blr_airport_noise_pollution/,india,MediaWatchIndia,2024-07-09T18:30:00Z,250,60,A news article discussing the impact of increased flight operations at Bangalore Airport on local residents.,A recent news report highlights concerns from residents near Bangalore Airport regarding increased noise pollution due to higher flight frequency. What are your thoughts on balancing growth with local impact?
t3_bangalore_airport_green_initiatives,Bangalore Airport: A Hub of Green Initiatives?,https://www.reddit.com/r/sustainability/comments/bangalore_airport_green_initiatives/,sustainability,GreenInitiatives,2024-07-08T11:00:00Z,85,18,A post about the sustainable practices and green initiatives at Bangalore Airport.,"Bangalore Airport is often lauded for its green initiatives and sustainable practices. What are some notable efforts they've undertaken in terms of energy, waste, and water management?"
t3_blr_airport_cargo_expansion,Bangalore Airport Cargo Expansion Plans?,https://www.reddit.com/r/logistics/comments/blr_airport_cargo_expansion/,logistics,AirlineExecutive,2024-07-07T05:00:00Z,40,10,Discussion on potential new cargo routes and facilities at Bangalore Airport.,"With Bangalore's growing economy, are there any plans for Bangalore Airport to expand its cargo facilities or introduce new dedicated cargo routes to key international markets?"
t3_blr_airport_second_runway_progress,Bangalore Airport's Second Parallel Runway: Construction Update,https://www.reddit.com/r/infrastructure/comments/blr_airport_second_runway_progress/,infrastructure,InfraUpdates,2024-07-06T14:00:00Z,140,33,A post detailing the ongoing construction of the second parallel runway at Bangalore Airport.,"Latest updates on the construction of the second parallel runway at Bangalore Airport. How much is completed, and what is the expected timeline for its full operational status? Any visual progress?"
t3_bangalore_airport_to_mysuru,Bangalore Airport to Mysuru - Best Transport Options?,https://www.reddit.com/r/travelindia/comments/bangalore_airport_to_mysuru/,travelindia,TourGuideBLR,2024-07-05T08:10:00Z,65,20,A user asks for the best transport from Bangalore Airport to Mysuru.,"What's the most convenient and efficient way to travel from Bangalore Airport directly to Mysuru? Are there direct bus services or dedicated cabs, and what's the typical travel time?"
t3_bangalore_airport_positive_feedback,Recent Improvements at Bangalore Airport - Share Your Experience!,https://www.reddit.com/r/bangalore/comments/bangalore_airport_positive_feedback/,bangalore,BLRAirportUpdates,2024-07-04T16:20:00Z,190,48,A community post sharing recent positive feedback and improvements at Bangalore Airport.,"Just wanted to share some positive experiences at Bangalore Airport recently. Security checks seemed faster, and new food outlets are great. What improvements have you noticed lately?"
t3_bangalore_airport_daily_commute,Daily Commute to Bangalore Airport for Work - Feasibility?,https://www.reddit.com/r/bangalore/comments/bangalore_airport_daily_commute/,bangalore,StartupWorker,2024-07-03T09:40:00Z,80,27,A user discusses the feasibility of daily commuting to Bangalore Airport for work from city center.,"Considering a job near Bangalore Airport, but I live in the city center. How feasible is daily commuting, especially during peak hours? What are the best transport options for regulars?"
t3_blr_airport_t2_architecture,Bangalore Airport T2 - A Masterpiece of Architecture?,https://www.reddit.com/r/architecture/comments/blr_airport_t2_architecture/,architecture,ArchitectureFan,2024-07-02T18:00:00Z,150,36,A post appreciating the design and aesthetics of Bangalore Airport's Terminal 2.,Seriously impressed by the architecture and interior design of Bangalore Airport's Terminal 2. It's truly a beautiful and modern facility. What are your favorite aspects of its design?
t3_bangalore_airport_immigration_tips,Immigration Process at Bangalore Airport for International Students?,https://www.reddit.com/r/india/comments/bangalore_airport_immigration_tips/,india,InternationalStudent,2024-07-01T10:30:00Z,45,17,A new international student asks for guidance on immigration procedures at Bangalore Airport.,"Arriving at Bangalore Airport next week as an international student. Can anyone guide me through the immigration process, especially for the first time? What documents do I need to keep handy?"
t3_blr_airport_retail_space,Leasing Retail Space at Bangalore Airport T2,https://www.reddit.com/r/businessindia/comments/blr_airport_retail_space/,businessindia,AirportRetailer,2024-06-30T07:00:00Z,20,5,A query about leasing retail space at Bangalore Airport's new terminal.,"Interested in opening a retail outlet at Bangalore Airport, especially in the new T2. What's the process for leasing commercial space, and what kind of foot traffic can one expect?"
t3_bangalore_airport_transit_tips,Connecting Flights & Transit at Bangalore Airport - Guide Needed,https://www.reddit.com/r/travel/comments/bangalore_airport_transit_tips/,travel,TransitPlanner,2024-06-29T19:10:00Z,35,14,A user asks for information on connecting flights and layover procedures at Bangalore Airport.,"I have a connecting flight through Bangalore Airport. What's the procedure for transit passengers, especially if switching between domestic and international terminals? Is baggage re-check required?"
t3_blr_airport_smart_tech,Smart Technologies at Bangalore Airport - A Deep Dive,https://www.reddit.com/r/technology/comments/blr_airport_smart_tech/,technology,TechAnalystBLR,2024-06-28T13:40:00Z,95,23,A post about the technology adoption and smart features at Bangalore Airport.,"Bangalore Airport is known for its tech integration. What are some of the smart technologies implemented, like facial recognition boarding or automated baggage systems, and how effective are they?"
t3_bangalore_airport_aircargo_growth,Growth of Air Cargo at Bangalore Airport,https://www.reddit.com/r/logistics/comments/bangalore_airport_aircargo_growth/,logistics,CargoAgent,2024-06-27T06:15:00Z,30,10,A discussion on the growth of air cargo traffic through Bangalore Airport.,"The air cargo volume at Bangalore Airport has been steadily increasing. What are the main drivers behind this growth, and what challenges does the airport face in handling the surge?"
t3_blr_airport_internships,Internship Opportunities at Bangalore Airport?,https://www.reddit.com/r/indiaeducation/comments/blr_airport_internships/,indiaeducation,StudentInternBLR,2024-06-26T15:00:00Z,25,7,A student asks about internship opportunities at Bangalore Airport.,"Are there any internship programs or opportunities for engineering/management students at Bangalore Airport? How can one apply, and what kind of roles are typically available?"
t3_bangalore_airport_indiranagar_taxi,Best Taxi from Bangalore Airport to Indiranagar for Business Travel?,https://www.reddit.com/r/bangalore/comments/bangalore_airport_indiranagar_taxi/,bangalore,BusinessTravelerIND,2024-06-25T08:50:00Z,60,19,A user asks for the best taxi service from Bangalore Airport to Indiranagar for business travel.,"Frequent business traveler landing at Bangalore Airport, need reliable and fast taxi service to Indiranagar. Any specific app or pre-booked service recommendations for corporate travel?"
t3_blr_airport_art_culture,Art and Culture at Bangalore Airport Terminal 2,https://www.reddit.com/r/india/comments/blr_airport_art_culture/,india,CultureVulture,2024-06-24T17:00:00Z,120,28,A discussion about the art installations and cultural elements at Bangalore Airport's Terminal 2.,"The art installations and cultural motifs at Bangalore Airport's Terminal 2 are truly captivating. Which pieces have caught your eye, and what do you think about the airport's effort to showcase local art?"
t3_bangalore_airport_na_flights,Bangalore Airport: Direct Flights to North America Increasing!,https://www.reddit.com/r/travel/comments/bangalore_airport_na_flights/,travel,GlobalCitizen,2024-06-23T11:20:00Z,150,38,A post about the growing number of direct flights from Bangalore Airport to North American cities.,"It's great to see more direct flights from Bangalore Airport to major North American cities like San Francisco, Seattle, and Chicago. How has this impacted your travel plans, and do you expect more routes soon?"
t3_blr_airport_jobs,Job Opportunities at Bangalore Airport - Recruitment Drives?,https://www.reddit.com/r/indiajobs/comments/blr_airport_jobs/,indiajobs,AirportStaff,2024-06-22T05:45:00Z,40,15,A discussion on the recruitment drives and job opportunities at Bangalore Airport.,"Heard Bangalore Airport is having massive recruitment drives. What kind of roles are usually open, and what's the typical hiring process like for ground staff or operational roles?"
t3_bangalore_airport_cargo_dropoff,Transporting Goods to Bangalore Airport Cargo Terminal?,https://www.reddit.com/r/logistics/comments/bangalore_airport_cargo_dropoff/,logistics,LocalBizOwner,2024-06-21T14:30:00Z,25,8,A user asks for the easiest way to transport goods to Bangalore Airport's cargo terminal.,I need to send some goods via air cargo from Bangalore Airport. What's the most efficient way to get packages to the cargo terminal? Are there specific entry points or drop-off procedures?
t3_blr_airport_real_estate,Real Estate Development Around Bangalore Airport,https://www.reddit.com/r/bangalore/comments/blr_airport_real_estate/,bangalore,AirportProperty,2024-06-20T09:00:00Z,110,26,A post discussing real estate development around Bangalore Airport.,"The areas around Bangalore Airport, like Devanahalli and Yelahanka, are seeing rapid real estate development. What's the investment potential, and what kind of residential/commercial projects are coming up?"
t3_bangalore_airport_bmtc_reliability,BMTC Vayu Vajra to Bangalore Airport - Reliability Check,https://www.reddit.com/r/bangalore/comments/bangalore_airport_bmtc_reliability/,bangalore,PublicTransportBLR,2024-06-19T17:30:00Z,70,20,A query about the frequency and reliability of BMTC Vayu Vajra buses to Bangalore Airport.,"How reliable and frequent are the BMTC Vayu Vajra buses to Bangalore Airport? Are they a good option for catching an early morning flight, or is a taxi safer for punctuality?"
t3_blr_airport_international_hub,Bangalore Airport as South India's International Gateway,https://www.reddit.com/r/india/comments/blr_airport_international_hub/,india,GlobalConnect,2024-06-18T12:00:00Z,130,30,A discussion on Bangalore Airport's role as a major international gateway for South India.,"Bangalore Airport is increasingly becoming the primary international gateway for South India. How does its connectivity compare to other major Indian airports, and what are its strengths as a regional hub?"
t3_bangalore_airport_coffee,Best Coffee Shops at Bangalore Airport?,https://www.reddit.com/r/bangalore/comments/bangalore_airport_coffee/,bangalore,AirportFoodie,2024-06-17T06:40:00Z,35,10,A user asks for recommendations for good coffee shops inside Bangalore Airport.,"Any good coffee shop recommendations inside Bangalore Airport, especially for a quick grab-and-go before a flight? Looking for quality coffee, not just generic chain stuff."
t3_blr_airport_travel_hacks,Bangalore Airport Travel Hacks & Tips,https://www.reddit.com/r/travel/comments/blr_airport_travel_hacks/,travel,TravelHacks,2024-06-16T15:10:00Z,180,40,Tips and tricks for a smoother experience at Bangalore Airport.,"Share your best tips and tricks for navigating Bangalore Airport! From fast security lines to hidden gems for food or relaxation, what makes your airport experience smoother?"
t3_bangalore_airport_event_venues,Conference and Event Venues Near Bangalore Airport?,https://www.reddit.com/r/bangalore/comments/bangalore_airport_event_venues/,bangalore,EventPlannerBLR,2024-06-15T09:30:00Z,22,6,A post about conference and event facilities near Bangalore Airport.,Looking for recommendations for conference halls or event spaces near Bangalore Airport for an upcoming corporate event. Any good hotels or dedicated venues in the vicinity?
t3_blr_airport_history,The Evolution of Bangalore Airport,https://www.reddit.com/r/india/comments/blr_airport_history/,india,HistoryBuffIndia,2024-06-14T18:00:00Z,70,15,A brief history of Bangalore Airport and its evolution.,A look back at the history of Bangalore Airport (Kempegowda International Airport) - from its inception to becoming one of India's busiest airports. What are some key milestones?
t3_bangalore_airport_safety,Safety and Emergency Preparedness at Bangalore Airport,https://www.reddit.com/r/aviation/comments/bangalore_airport_safety/,aviation,AirportSafety,2024-06-13T07:15:00Z,90,22,Discussion on safety protocols and emergency preparedness at Bangalore Airport.,How robust are the safety protocols and emergency preparedness measures at Bangalore Airport? What makes it one of the safest airports in the region?
t3_blr_airport_taxi_challenges,Challenges for Taxi Drivers at Bangalore Airport,https://www.reddit.com/r/bangalore/comments/blr_airport_taxi_challenges/,bangalore,TaxiDriverBLR,2024-06-12T20:00:00Z,160,50,A post discussing the challenges faced by taxi drivers operating at Bangalore Airport.,"As a taxi driver serving Bangalore Airport, the increasing congestion and changing rules are making things tough. What are some of the biggest challenges we face, and how can the situation improve?"
t3_bangalore_airport_good_experience,Smooth Sailing at Bangalore Airport Today!,https://www.reddit.com/r/bangalore/comments/bangalore_airport_good_experience/,bangalore,AirportExperience,2024-06-11T10:20:00Z,80,18,A user shares a generally positive experience at Bangalore Airport with minimal complaints.,Just wanted to share a smooth and pleasant experience at Bangalore Airport today. Everything from check-in to boarding was seamless. Glad to see the improvements!
t3_blr_airport_helicopter_taxi,Bangalore Airport to City via Helicopter Taxi?,https://www.reddit.com/r/bangalore/comments/blr_airport_helicopter_taxi/,bangalore,TransportPlanner,2024-06-10T05:50:00Z,45,12,A query regarding the possibility of a direct helicopter taxi service from Bangalore Airport to city areas.,Are there any plans or current operations for helicopter taxi services from Bangalore Airport to key city areas like Electronic City or Whitefield to beat traffic? What's the feasibility?
t3_bangalore_airport_connectivity,Bangalore Airport Connectivity - A Comprehensive Guide,https://www.reddit.com/r/bangalore/comments/bangalore_airport_connectivity/,bangalore,BLRConnect,2024-06-09T14:00:00Z,110,35,A post discussing the overall connectivity and ease of access to Bangalore Airport from different parts of the city.,"How well connected is Bangalore Airport to various parts of the city? What are the best routes and modes of transport if you're coming from South, East, or West Bangalore?"
t3_blr_airport_sim_currency,SIM Card & Currency Exchange at Bangalore Airport?,https://www.reddit.com/r/travelindia/comments/blr_airport_sim_currency/,travelindia,TouristInIndia,2024-06-08T08:00:00Z,30,10,A query about SIM card purchase and currency exchange facilities at Bangalore Airport.,Arriving at Bangalore Airport as a tourist. Are there reliable counters for buying a local SIM card and exchanging currency? What are the rates and options like?
t3_bangalore_airport_biometric_boarding,Bangalore Airport to Implement Biometric Boarding for All Flights,https://www.reddit.com/r/technology/comments/bangalore_airport_biometric_boarding/,technology,AirportUpdates,2024-06-07T16:00:00Z,100,28,A post about Bangalore Airport's plans to introduce biometric boarding for all flights.,"Bangalore Airport is pushing for full biometric boarding. How soon can we expect this to be implemented for all flights, and what are the privacy implications?"
t3_blr_airport_passenger_records,Bangalore Airport Breaks Passenger Traffic Records!,https://www.reddit.com/r/india/comments/blr_airport_passenger_records/,india,AirlinesReporter,2024-06-06T11:00:00Z,200,45,"A news report on the increase in passenger traffic at Bangalore Airport, breaking new records.",Bangalore Airport has announced record-breaking passenger traffic figures for the last quarter. This indicates strong recovery and growth. What challenges does this pose for infrastructure?
t3_bangalore_airport_budget_hotels,Affordable Hotels Near Bangalore Airport?,https://www.reddit.com/r/bangalore/comments/bangalore_airport_budget_hotels/,bangalore,StudentBudgeter,2024-06-05T07:30:00Z,28,9,A student asks about affordable accommodation near Bangalore Airport for short stays.,Are there any budget-friendly hotels or guesthouses near Bangalore Airport for a one-night stay before an early morning flight? Looking for clean and safe options under a certain price point.
t3_blr_airport_design_review,Bangalore Airport Terminal Design Review: Passenger Flow,https://www.reddit.com/r/urbanplanning/comments/blr_airport_design_review/,urbanplanning,AirportDesign,2024-06-04T15:45:00Z,75,18,A professional review of Bangalore Airport's terminal design and passenger flow.,"An analysis of Bangalore Airport's terminal design, focusing on passenger flow efficiency, concourse layout, and overall user experience. What works well, and what could be improved?"
t3_bangalore_airport_pet_travel,Pet Travel at Bangalore Airport - Guidelines & Facilities?,https://www.reddit.com/r/pettravel/comments/bangalore_airport_pet_travel/,pettravel,PetTraveler,2024-06-03T09:00:00Z,40,11,A query about pet travel facilities and guidelines at Bangalore Airport.,"Planning to travel with my pet through Bangalore Airport. What are the specific guidelines for pet travel, and are there any pet relief areas or dedicated facilities available?"
t3_blr_airport_corporate_pickups,Corporate Pick-ups at Bangalore Airport T2 - Any Advice?,https://www.reddit.com/r/bangalore/comments/blr_airport_corporate_pickups/,bangalore,FrequentBizFlyer,2024-06-02T18:30:00Z,90,25,A post discussing the challenges of corporate pick-ups/drop-offs at Bangalore Airport's new terminal.,Corporate pick-ups and drop-offs at Bangalore Airport's new T2 feel a bit chaotic. Any tips for smoother coordination for corporate cars and drivers? Specific pick-up points?
t3_bangalore_airport_volunteer,Volunteering at Bangalore Airport - A Rewarding Experience,https://www.reddit.com/r/india/comments/bangalore_airport_volunteer/,india,AirportVolunteer,2024-06-01T10:00:00Z,30,7,A user shares experience volunteering at Bangalore Airport and recommends it.,"I recently volunteered at Bangalore Airport as a passenger assistant, and it was a fulfilling experience. Highly recommend it if you want to contribute to the traveler experience!"
t3_blr_airport_global_comparison,Bangalore Airport vs. Other Asian Major Airports: A Comparison,https://www.reddit.com/r/aviation/comments/blr_airport_global_comparison/,aviation,GlobalAviation,2024-05-31T06:00:00Z,90,20,A comparative analysis of Bangalore Airport with other major Asian airports.,"How does Bangalore Airport compare to other major Asian airports like Singapore Changi, Dubai International, or Kuala Lumpur International in terms of facilities, efficiency, and connectivity?"
t3_bangalore_airport_infra_impact,Bangalore Airport Growth: Impact on Surrounding Infrastructure,https://www.reddit.com/r/bangalore/comments/bangalore_airport_infra_impact/,bangalore,CityInfrastructure,2024-05-30T14:40:00Z,140,35,A discussion on the impact of Bangalore Airport's growth on surrounding civic infrastructure.,"With Bangalore Airport's continuous expansion, how is the surrounding civic infrastructure (roads, sewage, power) coping? Are there adequate plans to support this massive growth?"
t3_blr_airport_transit_stay,Short Transit Stay Options Near Bangalore Airport?,https://www.reddit.com/r/travelindia/comments/blr_airport_transit_stay/,travelindia,TravelPlanner,2024-05-29T08:10:00Z,30,10,A query on transit accommodations near Bangalore Airport for short layovers.,Looking for recommendations for transit accommodations or hotels within very close proximity to Bangalore Airport for a short layover (3-4 hours). Are there any good capsule hotels or quick stay options?
t3_bangalore_airport_tourism_impact,Bangalore Airport's Role in Karnataka Tourism,https://www.reddit.com/r/travelindia/comments/bangalore_airport_tourism_impact/,travelindia,IndianTourism,2024-05-28T17:00:00Z,65,15,A post highlighting Bangalore Airport's contribution to Karnataka's tourism.,Bangalore Airport plays a crucial role in boosting tourism to Karnataka. How effectively does it market the state's attractions to international and domestic travelers?
t3_blr_airport_peak_hours,Bangalore Airport: Air Traffic Peak Hours and Delays,https://www.reddit.com/r/aviation/comments/blr_airport_peak_hours/,aviation,FlightOps,2024-05-27T10:30:00Z,80,22,A discussion on air traffic movements and peak hours at Bangalore Airport.,"What are the peak hours for air traffic movements at Bangalore Airport? As a passenger, when is it best to avoid flying if I want to minimize delays related to congestion?"
t3_bangalore_airport_retail_jobs,Retail Job Opportunities at Bangalore Airport?,https://www.reddit.com/r/indiajobs/comments/bangalore_airport_retail_jobs/,indiajobs,LocalJobSeeker,2024-05-26T06:00:00Z,18,5,A query about job opportunities in the retail sector at Bangalore Airport.,"Are there frequent job openings in the retail sector (shops, F&B) at Bangalore Airport? How can one apply for these roles, and what are the general working conditions like?"
t3_blr_airport_noise_mitigation,Bangalore Airport's Noise Pollution Mitigation Efforts,https://www.reddit.com/r/bangalore/comments/blr_airport_noise_mitigation/,bangalore,EnvironmentalistBLR,2024-05-25T14:10:00Z,70,17,A discussion on noise pollution mitigation strategies implemented by Bangalore Airport.,What specific measures has Bangalore Airport taken to mitigate noise pollution for residents living nearby? Are there flight path adjustments or noise monitoring systems in place?
t3_bangalore_airport_cargo_tech,Tech Innovations in Cargo Handling at Bangalore Airport,https://www.reddit.com/r/logistics/comments/bangalore_airport_cargo_tech/,logistics,CargoInnovator,2024-05-24T09:30:00Z,30,8,A post about technological innovations in cargo handling at Bangalore Airport.,"Bangalore Airport is adopting new technologies in its cargo operations. What are some of these innovations, and how are they improving efficiency and turnaround times for freight?"
t3_blr_airport_child_friendly,Child-Friendly Facilities at Bangalore Airport?,https://www.reddit.com/r/travelwithkids/comments/blr_airport_child_friendly/,travelwithkids,FamilyTravelBLR,2024-05-23T18:20:00Z,50,12,A user asks about child-friendly facilities and services at Bangalore Airport.,"Traveling with young children through Bangalore Airport. Are there dedicated play areas, feeding rooms, or other child-friendly amenities that make the journey easier for families?"
t3_bangalore_airport_smart_city,Smart City Concepts Around Bangalore Airport?,https://www.reddit.com/r/urbanplanning/comments/bangalore_airport_smart_city/,urbanplanning,UrbanDevelopment,2024-05-22T11:00:00Z,85,20,A discussion on smart city concepts being implemented around Bangalore Airport.,"With its ongoing development, is Bangalore Airport incorporating any smart city concepts in its periphery, such as smart mobility solutions, sustainable energy, or integrated urban planning?"
t3_blr_airport_weather_challenges,Pilots' Perspective: Weather Challenges at Bangalore Airport,https://www.reddit.com/r/pilots/comments/blr_airport_weather_challenges/,pilots,AirlinePilot,2024-05-21T05:30:00Z,120,30,A pilot's perspective on landing and takeoff challenges at Bangalore Airport due to weather.,"As a pilot, Bangalore Airport can be tricky during monsoon season or foggy mornings. What are your experiences with weather-related diversions or delays while operating into/out of BLR?"
t3_bangalore_airport_souvenirs,Local Souvenirs at Bangalore Airport?,https://www.reddit.com/r/bangalore/comments/bangalore_airport_souvenirs/,bangalore,RetailTherapy,2024-05-20T14:00:00Z,25,7,A query about local souvenir shops at Bangalore Airport.,"Any good shops at Bangalore Airport for buying local Karnataka souvenirs or Indian handicrafts? Looking for authentic gifts, not just generic airport merchandise."
t3_blr_airport_transport_cost_compare,Bangalore Airport Transport Options: Cost Comparison,https://www.reddit.com/r/travelindia/comments/blr_airport_transport_cost_compare/,travelindia,TravelBudgetIndia,2024-05-19T08:50:00Z,100,28,A post comparing costs of different transport options from Bangalore Airport to city center.,"A detailed cost comparison of various transport options from Bangalore Airport to different parts of the city: Vayu Vajra, airport taxis, app cabs (Ola/Uber), and the upcoming metro. Which is most cost-effective?"
t3_bangalore_airport_pes_university,Bangalore Airport to PES University - Transport Advice,https://www.reddit.com/r/bangalore/comments/bangalore_airport_pes_university/,bangalore,StudentLifeBLR,2024-05-18T17:30:00Z,50,15,A user asks for the safest and cheapest way from Bangalore Airport to PES University.,New student arriving at Bangalore Airport. What's the safest and most economical way to get to PES University (Ring Road Campus)? Are shared cabs or specific bus routes better?
t3_blr_airport_t2_art_deep_dive,Deep Dive: Art & Culture Installations at Bangalore Airport T2,https://www.reddit.com/r/india/comments/blr_airport_t2_art_deep_dive/,india,AirportArtCritic,2024-05-17T10:00:00Z,40,10,"A deep dive into the specific art installations at Bangalore Airport's T2, focusing on local culture.","Beyond the general aesthetic, let's discuss specific art installations at Bangalore Airport T2 that truly reflect Karnataka's rich cultural heritage. Which pieces stand out and why?"
t3_bangalore_airport_cold_chain,Cold Chain Logistics at Bangalore Airport - Capabilities?,https://www.reddit.com/r/logistics/comments/bangalore_airport_cold_chain/,logistics,LogisticsProfessional,2024-05-16T05:20:00Z,20,6,A discussion on the cold chain facilities available at Bangalore Airport for sensitive cargo.,"What are the cold chain facilities like at Bangalore Airport, especially for pharmaceutical or perishable goods? Is it equipped for advanced temperature-controlled logistics?"
t3_blr_airport_new_airlines,New Airlines Commencing Operations from Bangalore Airport!,https://www.reddit.com/r/aviation/comments/blr_airport_new_airlines/,aviation,AirTravelNews,2024-05-15T14:50:00Z,80,20,A report on new airlines commencing operations from Bangalore Airport.,"Exciting news for Bangalore travelers! Several new airlines are commencing operations from Bangalore Airport, offering more choices and competitive fares. Which new routes are you most excited about?"
t3_bangalore_airport_elderly_assistance,Assistance for Elderly Passengers at Bangalore Airport?,https://www.reddit.com/r/india/comments/bangalore_airport_elderly_assistance/,india,AirportAccessibility,2024-05-14T09:10:00Z,35,9,A user asks about specific arrangements for elderly passengers at Bangalore Airport.,"What assistance and facilities are available for elderly passengers at Bangalore Airport? Is wheelchair assistance readily available, and are there priority queues or dedicated staff?"
t3_blr_airport_ai_data_analytics,AI & Data Analytics for Operational Efficiency at Bangalore Airport,https://www.reddit.com/r/technology/comments/blr_airport_ai_data_analytics/,technology,TechInnovator,2024-05-13T18:00:00Z,60,15,A post discussing the use of AI and data analytics at Bangalore Airport for operational efficiency.,"Bangalore Airport is leveraging AI and data analytics to optimize operations. How are these technologies being used for baggage handling, security, and passenger flow management?"
t3_bangalore_airport_lounge_access_cards,Bangalore Airport Lounge Access via Credit Cards - Latest Info?,https://www.reddit.com/r/creditcards/comments/bangalore_airport_lounge_access_cards/,creditcards,AirportLounges,2024-05-12T11:20:00Z,85,22,A user asks for updated information on credit card access to lounges at Bangalore Airport.,What's the current status of credit card access to lounges at Bangalore Airport (T1 & T2)? Are there any changes in policies or new cards offering access?
t3_blr_airport_early_shift_commute,Commuting to Bangalore Airport for Early Morning Shift?,https://www.reddit.com/r/bangalore/comments/blr_airport_early_shift_commute/,bangalore,StudentIntern,2024-05-11T05:00:00Z,30,10,A query about the best way to commute to Bangalore Airport for an early morning shift.,I have an early morning shift starting at 5 AM at Bangalore Airport. What's the best and safest way to reach by 4:30 AM from Marathahalli? Cabs are expensive at that hour.
t3_bangalore_airport_land_acquisition,Challenges of Land Acquisition for Bangalore Airport Expansion,https://www.reddit.com/r/india/comments/bangalore_airport_land_acquisition/,india,InfrastructureObserver,2024-05-10T14:30:00Z,70,18,A post discussing the challenges of land acquisition for Bangalore Airport's expansion.,Land acquisition for Bangalore Airport's future expansion phases is always a complex issue. What are the current challenges and strategies being employed to acquire necessary land?
t3_blr_airport_safety_tips,Personal Safety Tips at Bangalore Airport & Transfers,https://www.reddit.com/r/travel/comments/blr_airport_safety_tips/,travel,TravelSafety,2024-05-09T08:00:00Z,60,15,Tips for ensuring personal safety and avoiding scams at Bangalore Airport and during transfers.,"What are some practical tips for ensuring personal safety, especially for solo female travelers or first-time visitors, when arriving at Bangalore Airport and taking transport to the city?"
t3_bangalore_airport_it_ecosystem_support,Bangalore Airport's Role in Supporting the IT & Startup Ecosystem,https://www.reddit.com/r/bangalore/comments/bangalore_airport_it_ecosystem_support/,bangalore,AirportOfficial,2024-05-08T17:00:00Z,95,25,A discussion on the role of Bangalore Airport in supporting the city's IT and startup ecosystem.,Bangalore Airport serves as a vital artery for the city's thriving IT and startup ecosystem. How does the airport specifically cater to the needs of business travelers and tech professionals?
t3_blr_airport_milestones,Key Milestones in the History of Bangalore Airport,https://www.reddit.com/r/aviationhistory/comments/blr_airport_milestones/,aviationhistory,AviationHistory,2024-05-07T10:30:00Z,40,10,A post about significant events or achievements in the history of Bangalore Airport.,"Beyond its establishment, what are some significant milestones or achievements in the operational history of Bangalore Airport? Any major awards or groundbreaking events?"
t3_bangalore_airport_retail_experience,Shopping Experience at Bangalore Airport - Brands & Prices?,https://www.reddit.com/r/retailindia/comments/bangalore_airport_retail_experience/,retailindia,RetailInsight,2024-05-06T06:15:00Z,25,8,A user asks for insights on brand presence and shopping experience at Bangalore Airport.,"What's the overall shopping experience like at Bangalore Airport? Are there a good variety of international and local brands, and how competitive are the prices compared to city retail?"
t3_blr_airport_alternative_routes,Alternative Routes to Bangalore Airport to Beat Traffic,https://www.reddit.com/r/bangalore/comments/blr_airport_alternative_routes/,bangalore,TrafficAlertBLR,2024-05-05T15:40:00Z,110,30,A discussion on alternative routes to Bangalore Airport to avoid peak hour traffic.,"What are some lesser-known alternative routes to Bangalore Airport from different parts of the city that help bypass the usual traffic bottlenecks, especially during peak hours?"
t3_bangalore_airport_ev_charging,Electric Vehicle Charging at Bangalore Airport?,https://www.reddit.com/r/evindia/comments/bangalore_airport_ev_charging/,evindia,EcoTraveler,2024-05-04T09:00:00Z,35,10,A query about electric vehicle charging stations and related facilities at Bangalore Airport.,"Are there adequate electric vehicle (EV) charging stations available at Bangalore Airport, both for personal vehicles and taxi fleets? What are the plans for future EV infrastructure?"
t3_blr_airport_airline_efficiency_review,Bangalore Airport: Airline Ground Services Efficiency Review,https://www.reddit.com/r/aviation/comments/blr_airport_airline_efficiency_review/,aviation,AirlineReviewer,2024-05-03T18:30:00Z,70,18,A post reviewing the ground services and airline efficiency at Bangalore Airport.,"How efficient are the various airlines' ground services at Bangalore Airport? Any specific airline that stands out for quick check-ins, baggage handling, or customer service?"
t3_bangalore_airport_ppp_investment,Public-Private Partnerships & Investments in Bangalore Airport,https://www.reddit.com/r/businessindia/comments/bangalore_airport_ppp_investment/,businessindia,InfraInvestor,2024-05-02T10:00:00Z,40,10,A discussion on public-private partnerships and investments in Bangalore Airport.,"What is the model of public-private partnership (PPP) at Bangalore Airport, and what have been the key investments that have driven its growth and modernization?"
t3_blr_airport_dropoff_tips,Best Drop-off Points at Bangalore Airport for Quick Departures?,https://www.reddit.com/r/bangalore/comments/blr_airport_dropoff_tips/,bangalore,FrequentTraveler,2024-05-01T06:00:00Z,55,15,A user asks about the best drop-off points at Bangalore Airport for quick departures.,"For a quick drop-off at Bangalore Airport for domestic flights, which gate or area is most efficient to avoid congestion and reach check-in swiftly? Any specific tips?"
t3_bangalore_airport_wifi_coworking,Wi-Fi & Co-working Spaces at Bangalore Airport?,https://www.reddit.com/r/digitalnomad/comments/bangalore_airport_wifi_coworking/,digitalnomad,DigitalNomadBLR,2024-04-30T14:20:00Z,40,12,A post about Wi-Fi connectivity and co-working spaces at Bangalore Airport.,How good is the Wi-Fi connectivity at Bangalore Airport? Are there any comfortable co-working spaces or quiet areas suitable for digital nomads to get work done during layovers?
t3_blr_airport_medical_facilities,Medical Facilities at Bangalore Airport - What's Available?,https://www.reddit.com/r/indiahealth/comments/blr_airport_medical_facilities/,indiahealth,HealthTraveler,2024-04-29T08:50:00Z,25,7,A query about medical facilities and emergency services at Bangalore Airport.,"What are the medical facilities and emergency services available at Bangalore Airport? Is there a first aid center, pharmacy, or any advanced medical help readily accessible for passengers?"
t3_bangalore_airport_family_travel_tips,Navigating Bangalore Airport with Elderly Parents and Young Kids - Tips?,https://www.reddit.com/r/travelindia/comments/bangalore_airport_family_travel_tips/,travelindia,FamilyTripPlanner,2024-04-28T17:00:00Z,65,18,A user asks for tips on navigating Bangalore Airport with elderly parents and young kids.,"Traveling with both elderly parents and young kids through Bangalore Airport next month. Any specific tips or services to utilize to make the experience smooth, from check-in to boarding?"
t3_blr_airport_t2_global_design_compare,Bangalore Airport T2 Design: A Global Comparison,https://www.reddit.com/r/architecture/comments/blr_airport_t2_global_design_compare/,architecture,AirportArchitect,2024-04-27T10:00:00Z,100,25,A discussion comparing Bangalore Airport's Terminal 2 design with other contemporary airports.,How does Bangalore Airport's Terminal 2 design hold up against other recently built or renovated international airports globally? What unique features does it offer?
t3_bangalore_airport_future_cargo,The Future of Air Cargo & Logistics at Bangalore Airport,https://www.reddit.com/r/logistics/comments/bangalore_airport_future_cargo/,logistics,BLRAviation,2024-04-26T06:30:00Z,40,10,A post about the future of air cargo and logistics at Bangalore Airport.,What's the outlook for air cargo and logistics at Bangalore Airport in the next decade? Are there specific industry trends or investments that will shape its future as a cargo hub?
t3_blr_airport_shuttle_services,Bangalore Airport Shuttle Services & Parking Connectivity?,https://www.reddit.com/r/bangalore/comments/blr_airport_shuttle_services/,bangalore,StudentInternBLR,2024-04-25T15:10:00Z,20,5,A query about shuttle services between Bangalore Airport terminals (if applicable) and parking.,Are there shuttle services available between different terminals at Bangalore Airport (T1 and T2 connection) and the long-term parking areas? How frequent and efficient are they?
t3_bangalore_airport_t2_gardens,Bangalore Airport T2: The Green Spaces & Gardens,https://www.reddit.com/r/sustainability/comments/bangalore_airport_t2_gardens/,sustainability,AirportArtlover,2024-04-24T09:40:00Z,60,15,A discussion about the outdoor gardens and green spaces at Bangalore Airport T2.,"The outdoor gardens and green spaces at Bangalore Airport T2 are a breath of fresh air. What do you think of this biophilic design approach, and how does it enhance the passenger experience?"
t3_blr_airport_whitefield_commute,Best Way from Bangalore Airport to Whitefield (Morning Rush),https://www.reddit.com/r/bangalore/comments/blr_airport_whitefield_commute/,bangalore,ITProfessionalBLR,2024-04-23T18:00:00Z,90,25,A user asks for the best transport from Bangalore Airport to Whitefield during office hours.,Landing at Bangalore Airport and need to get to Whitefield around 9 AM on a weekday. What's the fastest and most reliable transport option given the traffic? Any specific routes to suggest?
t3_bangalore_airport_economic_impact,Economic Impact of Bangalore Airport on Regional Development,https://www.reddit.com/r/india/comments/bangalore_airport_economic_impact/,india,JournalistIndia,2024-04-22T11:00:00Z,120,30,A news report on the economic impact of Bangalore Airport on the region's development.,"A recent study highlights the significant economic impact of Bangalore Airport on regional development, employment, and trade. What are the key findings of this report?"
t3_blr_airport_baggage_delays,Baggage Claim Delays at Bangalore Airport - Frustrating!,https://www.reddit.com/r/travel/comments/blr_airport_baggage_delays/,travel,FrequentFlyer,2024-07-22T10:00:00Z,200,50,A user complains about baggage claim delays at Bangalore Airport.,"Just landed at Bangalore Airport and baggage claim is taking forever! Is this a common issue, or did I just get unlucky? What's the average wait time these days?"
t3_bangalore_airport_cleanliness,Bangalore Airport's Cleanliness - A Cut Above?,https://www.reddit.com/r/bangalore/comments/bangalore_airport_cleanliness/,bangalore,BLRInsider,2024-07-23T08:30:00Z,100,25,A discussion about the cleanliness and hygiene standards at Bangalore Airport.,"I'm always impressed by how clean and well-maintained Bangalore Airport is, especially compared to some other Indian airports. What are your observations regarding its hygiene standards?"
t3_blr_airport_security_experience,Bangalore Airport Security: Efficient or Overkill?,https://www.reddit.com/r/india/comments/blr_airport_security_experience/,india,SecurityExpert,2024-07-24T15:45:00Z,150,35,A post detailing security measures and passenger experience at Bangalore Airport.,"Bangalore Airport has robust security measures. As passengers, how do you experience the security checks? Are they efficient without being overly intrusive? Any thoughts on CISF professionalism?"
t3_bangalore_airport_ola_uber_fares,Ola/Uber Fares & Tips from Bangalore Airport to Student Hubs?,https://www.reddit.com/r/bangalore/comments/bangalore_airport_ola_uber_fares/,bangalore,StudentTravelerBLR,2024-07-25T07:00:00Z,70,20,A user asks for the best routes and pricing for Ola/Uber from Bangalore Airport to various student hubs.,"What are the typical Ola/Uber fares from Bangalore Airport to popular student areas like Koramangala, JP Nagar, or Electronic City? Any surge pricing tips or recommended pick-up points?"
t3_blr_airport_t2_economic_impact,Economic Impact of Bangalore Airport Terminal 2 Expansion,https://www.reddit.com/r/businessindia/comments/blr_airport_t2_economic_impact/,businessindia,AviationEconomist,2024-07-26T16:20:00Z,80,15,A discussion on the economic impact of Bangalore Airport's Terminal 2 expansion.,"The Terminal 2 expansion at Bangalore Airport is a massive project. What kind of economic boost is it expected to bring to the region in terms of jobs, tourism, and business connectivity?"
t3_bangalore_airport_tech_integration,Bangalore Airport: A Seamless Tech Experience?,https://www.reddit.com/r/technology/comments/bangalore_airport_tech_integration/,technology,TechGuruBLR,2024-07-27T09:00:00Z,95,22,A post about the seamless integration of technology in Bangalore Airport's operations.,"Bangalore Airport truly feels like a 'smart airport' with its tech-driven solutions. From self-baggage drops to seamless e-gates, what technological aspects impress you the most?"
t3_blr_airport_sleeping_pods,Sleeping Pods / Rest Areas at Bangalore Airport - Review,https://www.reddit.com/r/travel/comments/blr_airport_sleeping_pods/,travel,TravelerReview,2024-07-28T18:00:00Z,60,18,A user discusses the availability and quality of rest areas/sleeping pods at Bangalore Airport.,"For long layovers, how good are the sleeping pods or dedicated rest areas at Bangalore Airport? Are they comfortable, safe, and reasonably priced? Any alternatives for a quick nap?"
t3_bangalore_airport_road_solutions,Bangalore Airport Road Connectivity: Challenges & Solutions,https://www.reddit.com/r/bangalore/comments/bangalore_airport_road_solutions/,bangalore,UrbanPlannerBLR,2024-07-29T09:30:00Z,180,40,A post discussing the challenges and solutions for road connectivity to Bangalore Airport.,"The road connectivity to Bangalore Airport is a constant topic of debate. What are the proposed solutions for easing traffic, and what's the progress on projects like elevated corridors or new access roads?"
t3_blr_airport_sustainability,Bangalore Airport: Leading in Environmental Sustainability?,https://www.reddit.com/r/sustainability/comments/blr_airport_sustainability/,sustainability,GreenTraveler,2024-07-30T14:40:00Z,70,15,A query about the environmental initiatives and sustainability efforts at Bangalore Airport.,"How active is Bangalore Airport in environmental sustainability? Are there initiatives like solar power usage, water recycling, or carbon neutrality programs that make it an eco-friendly airport?"
t3_bangalore_airport_art_guide_t2,Your Guide to Art & Culture at Bangalore Airport Terminal 2,https://www.reddit.com/r/india/comments/bangalore_airport_art_guide_t2/,india,AirportArtGuide,2024-07-31T08:00:00Z,85,20,A detailed guide to the art and cultural installations at Bangalore Airport's new terminal.,"Planning a visit to Bangalore Airport's Terminal 2? Here's a detailed guide to all the stunning art installations, murals, and cultural exhibits you shouldn't miss. A true blend of modern and traditional!"
t3_blr_airport_cab_surge,App Cab Woes at Bangalore Airport: Surge Pricing & Unavailability,https://www.reddit.com/r/bangalore/comments/blr_airport_cab_surge/,bangalore,CommuterFrustrated,2024-08-01T05:00:00Z,250,60,A complaint about surge pricing and unavailability of app cabs at Bangalore Airport during late nights/early mornings.,Late-night arrivals at Bangalore Airport are a nightmare with app cabs! Either crazy surge pricing or no cabs available at all. What are reliable alternatives at these odd hours?
t3_bangalore_airport_forex_atm,Foreign Exchange & ATM Services at Bangalore Airport?,https://www.reddit.com/r/travelindia/comments/bangalore_airport_forex_atm/,travelindia,AirportServices,2024-08-02T13:20:00Z,30,10,A user asks for information on foreign exchange services and ATMs at Bangalore Airport.,"What are the best places for foreign exchange and ATM availability at Bangalore Airport, both in domestic and international terminals? Are the rates competitive or should I exchange outside?"
t3_blr_airport_strategic_importance,Bangalore Airport: A Strategic Hub in Indian Aviation,https://www.reddit.com/r/aviation/comments/blr_airport_strategic_importance/,aviation,AviationAnalyst,2024-08-03T07:45:00Z,110,25,A post about Bangalore Airport's strategic importance in India's aviation sector.,Bangalore Airport's strategic location and rapid growth make it a crucial player in India's aviation sector. How does it contribute to regional connectivity and global air networks?
t3_bangalore_airport_metro_progress,Bangalore Airport Metro Line: Construction Progress & Impact,https://www.reddit.com/r/bangalore/comments/bangalore_airport_metro_progress/,bangalore,InfrastructureUpdates,2024-08-04T16:00:00Z,150,35,A post about the progress of the airport metro line and its impact on connectivity.,"Latest updates on the Bangalore Airport Metro line. How is the construction progressing, and when can we expect it to be fully operational? What impact will it have on airport connectivity?"
t3_blr_airport_checkin_security_tips,Efficient Check-in & Security at Bangalore Airport: Tips,https://www.reddit.com/r/travelhacks/comments/blr_airport_checkin_security_tips/,travelhacks,TravelerTips,2024-08-05T09:10:00Z,80,20,A post sharing tips for efficient check-in and security at Bangalore Airport.,"To save time, what are your best tips for quick check-in (self-service kiosks, online check-in) and speedy security clearance at Bangalore Airport, especially for domestic flights?"
t3_bangalore_airport_mro_role,Bangalore Airport's Role in MRO Activities,https://www.reddit.com/r/aviationindustry/comments/bangalore_airport_mro_role/,aviationindustry,AirlineExecutive,2024-08-06T18:00:00Z,30,8,"A discussion on the role of Bangalore Airport in supporting MRO (Maintenance, Repair, and Overhaul) activities.","With its growing aviation ecosystem, what role does Bangalore Airport play in facilitating MRO (Maintenance, Repair, and Overhaul) activities? Are there dedicated MRO facilities or partnerships?"
t3_blr_airport_noise_complaints,Bangalore Airport Noise Pollution: Residents' Concerns,https://www.reddit.com/r/bangalore/comments/blr_airport_noise_complaints/,bangalore,LocalResident,2024-08-07T05:30:00Z,200,55,A post expressing concern about noise levels from Bangalore Airport affecting nearby residential areas.,"Living near Bangalore Airport, the noise levels from flights, especially during early mornings and late nights, are becoming unbearable. Are there any community initiatives or official channels to address this?"
t3_bangalore_airport_non_aero_revenue,Bangalore Airport: Beyond Flights - Non-Aeronautical Revenue,https://www.reddit.com/r/businessindia/comments/bangalore_airport_non_aero_revenue/,businessindia,BusinessInnovator,2024-08-08T14:15:00Z,40,12,A post discussing the non-aeronautical revenue streams and commercial ventures at Bangalore Airport.,"Beyond flights, Bangalore Airport generates significant non-aeronautical revenue. What are the key commercial ventures, retail strategies, and other business models contributing to its profitability?"
t3_blr_airport_t2_photography,Stunning Architecture: Photos of Bangalore Airport Terminal 2,https://www.reddit.com/r/india/comments/blr_airport_t2_photography/,india,TravelPhotographer,2024-08-09T08:00:00Z,180,30,A user shares stunning photos of Bangalore Airport's architecture and interiors.,Just wanted to share some aesthetic shots of Bangalore Airport's new Terminal 2. The architecture and lighting are truly photogenic. Have you captured any favorite spots?
t3_bangalore_airport_slot_management,Bangalore Airport: Slot Management & Congestion Challenges,https://www.reddit.com/r/aviation/comments/bangalore_airport_slot_management/,aviation,AirlineOperations,2024-08-10T17:30:00Z,75,18,A discussion on airport slot management and congestion at Bangalore Airport.,"With increasing traffic, how effectively does Bangalore Airport manage its flight slots to avoid congestion and delays? What are the challenges in optimizing runway and gate utilization?"
t3_blr_airport_wellness_facilities,Wellness Facilities at Bangalore Airport?,https://www.reddit.com/r/travelwellness/comments/blr_airport_wellness_facilities/,travelwellness,HealthAndWellness,2024-08-11T09:00:00Z,25,7,"A query about wellness facilities (yoga, meditation) at Bangalore Airport.","Does Bangalore Airport offer any wellness facilities like yoga rooms, meditation spaces, or quiet zones for passengers to relax and de-stress during long waits or layovers?"
t3_bangalore_airport_fresher_jobs,Fresher Jobs at Bangalore Airport (Non-Aviation)?,https://www.reddit.com/r/indiajobs/comments/bangalore_airport_fresher_jobs/,indiajobs,AirportJobSeeker,2024-08-12T16:00:00Z,30,10,A user asks about job prospects for freshers at Bangalore Airport in non-aviation roles.,"What are the job prospects for freshers at Bangalore Airport, particularly in non-aviation roles like customer service, retail, or administration? Any tips for applying?"
t3_blr_airport_unique_amenities,Unique Amenities & Experiences at Bangalore Airport,https://www.reddit.com/r/travel/comments/blr_airport_unique_amenities/,travel,TravelWriter,2024-08-13T07:20:00Z,60,15,A feature on unique amenities and passenger experiences at Bangalore Airport.,"Beyond the basics, what are some unique amenities or services offered at Bangalore Airport that truly enhance the passenger experience? Any hidden gems or stand-out features?"
t3_bangalore_airport_taxi_vs_app_cab,Bangalore Airport Taxis vs. App Cabs: Which is Better?,https://www.reddit.com/r/bangalore/comments/bangalore_airport_taxi_vs_app_cab/,bangalore,BangaloreTransport,2024-08-14T15:00:00Z,160,40,A post comparing airport taxi services vs. app-based cabs at Bangalore Airport.,"What's the current consensus on using official airport taxis vs. app-based cabs (Ola/Uber) from Bangalore Airport? Which offers better reliability, pricing, and overall experience?"
t3_blr_airport_cargo_analysis,Bangalore Airport: In-depth Analysis of Cargo Capacity & Future,https://www.reddit.com/r/logistics/comments/blr_airport_cargo_analysis/,logistics,AirCargoExpert,2024-08-15T09:40:00Z,35,10,A detailed analysis of Bangalore Airport's cargo handling capacity and future prospects.,"An in-depth look at Bangalore Airport's air cargo handling capacity, facilities, and its potential to become a major cargo hub for South India. What are the bottlenecks and opportunities?"
t3_bangalore_airport_immigration_customs_tips,Navigating Immigration & Customs at Bangalore Airport: Tips,https://www.reddit.com/r/travelhacks/comments/bangalore_airport_immigration_customs_tips/,travelhacks,TravelSecurity,2024-08-16T18:00:00Z,70,20,A post offering advice on navigating immigration and customs at Bangalore Airport.,"For international arrivals, what are the best practices for quickly clearing immigration and customs at Bangalore Airport? Any specific forms to fill or tips to speed up the process?"
t3_blr_airport_contactless_tech,Contactless Technologies at Bangalore Airport: User Experience,https://www.reddit.com/r/technology/comments/blr_airport_contactless_tech/,technology,AirportTech,2024-08-17T09:00:00Z,60,15,A discussion on contactless technologies implemented at Bangalore Airport.,"Bangalore Airport has embraced contactless technologies for passenger convenience. How effective are features like contactless check-in, boarding, and payment options in improving efficiency?"
t3_bangalore_airport_food_queues,Long Queues at Bangalore Airport Food Outlets - Frustrating!,https://www.reddit.com/r/bangalore/comments/bangalore_airport_food_queues/,bangalore,TravelerConcerns,2024-08-18T05:00:00Z,150,40,A complaint about long queues at food and beverage outlets inside Bangalore Airport.,"The queues at food and beverage outlets inside Bangalore Airport are often too long, especially during peak hours. Does anyone else face this, and are there less crowded options for a quick bite?"
t3_blr_airport_construction_challenges,Challenges During Bangalore Airport's Construction Phase,https://www.reddit.com/r/india/comments/blr_airport_construction_challenges/,india,AviationHistoryBuff,2024-08-19T14:30:00Z,50,15,A post discussing the challenges faced during the initial construction of Bangalore Airport.,What were some of the major engineering and logistical challenges faced during the construction of the new Bangalore Airport? Any interesting anecdotes from that period?
t3_bangalore_airport_infant_facilities,Stroller & Infant Facilities at Bangalore Airport?,https://www.reddit.com/r/travelwithkids/comments/bangalore_airport_infant_facilities/,travelwithkids,TravelWithKids,2024-08-20T08:10:00Z,35,10,A query about strollers and infant facilities at Bangalore Airport.,"Traveling with an infant through Bangalore Airport. Are strollers available for rent or use? What are the provisions for baby care rooms, and how well-equipped are they?"
t3_blr_airport_overcrowding_issues,Bangalore Airport Overcrowding - A Major Issue Lately?,https://www.reddit.com/r/bangalore/comments/blr_airport_overcrowding_issues/,bangalore,AirportExperience,2024-08-21T17:00:00Z,300,70,A user shares a generally negative experience at Bangalore Airport due to over-crowding.,"My recent experience at Bangalore Airport was quite bad due to extreme overcrowding, especially at security. It felt like they are struggling with the increasing passenger volume. Anyone else experiencing this?"
t3_bangalore_airport_public_transport_future,Future Public Transport for Bangalore Airport Connectivity,https://www.reddit.com/r/urbanplanning/comments/bangalore_airport_public_transport_future/,urbanplanning,UrbanInfra,2024-08-22T09:30:00Z,120,30,A discussion on public transportation infrastructure development around Bangalore Airport.,"Beyond the metro, what other public transportation infrastructure developments are planned or underway around Bangalore Airport to improve accessibility for commuters from distant parts of the city?"
t3_blr_airport_new_lounge_review,Review: New Lounge Additions at Bangalore Airport,https://www.reddit.com/r/travel/comments/blr_airport_new_lounge_review/,travel,AirportLoungeReview,2024-08-23T16:45:00Z,100,25,A user review of the new lounge additions at Bangalore Airport.,"Recently checked out the new lounge additions at Bangalore Airport. What are your thoughts on them? Do they live up to expectations, or are they still facing teething issues?"
t3_bangalore_airport_marathahalli_route,Fastest Route: Bangalore Airport to Marathahalli/ORR,https://www.reddit.com/r/bangalore/comments/bangalore_airport_marathahalli_route/,bangalore,FrequentFlyerIND,2024-08-24T06:00:00Z,110,30,A query about the fastest routes from Bangalore Airport to Marathahalli/Outer Ring Road.,What's the absolute fastest way to get from Bangalore Airport to Marathahalli or areas along the Outer Ring Road during morning or evening peak hours? Any specific cab services or routes?
t3_blr_airport_ground_staff_efficiency,Bangalore Airport: Improvements in Ground Staff Efficiency,https://www.reddit.com/r/aviationindustry/comments/blr_airport_ground_staff_efficiency/,aviationindustry,AirlineEmployeeBLR,2024-08-25T14:00:00Z,60,15,A post discussing the improvements in ground staff efficiency at Bangalore Airport.,"Working at Bangalore Airport, I've seen noticeable improvements in ground staff efficiency and coordination, especially with quick turnarounds. What are your observations as passengers?"
t3_bangalore_airport_net_zero,Bangalore Airport's Push for Net-Zero Carbon Emissions,https://www.reddit.com/r/sustainability/comments/bangalore_airport_net_zero/,sustainability,EcoWarriorBLR,2024-08-26T08:30:00Z,90,20,A post about Bangalore Airport's efforts towards becoming a 'net-zero' carbon emission airport.,"Bangalore Airport aims to be a 'net-zero' carbon emission airport. What initiatives are they taking, and what's the timeline for achieving this ambitious goal? How does it compare globally?"
t3_blr_airport_local_employment,Bangalore Airport's Impact on Local Employment,https://www.reddit.com/r/bangalore/comments/blr_airport_local_employment/,bangalore,CityObserver,2024-08-27T17:00:00Z,70,18,A discussion on the impact of Bangalore Airport's development on local employment.,How significantly has the development and expansion of Bangalore Airport contributed to local employment in nearby towns and villages? What kind of job creation has it fostered?
t3_bangalore_airport_charging_points,Mobile Charging Points at Bangalore Airport - Availability?,https://www.reddit.com/r/travelhacks/comments/bangalore_airport_charging_points/,travelhacks,TravelerTech,2024-08-28T10:00:00Z,40,12,A query about mobile charging points and power outlets at Bangalore Airport.,"Are there enough mobile charging points and power outlets available at Bangalore Airport, especially near seating areas in both terminals? Is it easy to find them, or should I carry a power bank?"
t3_blr_airport_digital_roadmap,Bangalore Airport's Digital Initiatives & Future Tech Roadmap,https://www.reddit.com/r/technology/comments/blr_airport_digital_roadmap/,technology,AirportInnovator,2024-08-29T06:15:00Z,80,20,A post on the digital initiatives and future technology roadmap for Bangalore Airport.,"What are the latest digital initiatives and the future technology roadmap for Bangalore Airport? Are they investing in AI, IoT, or advanced analytics to further enhance passenger experience and operations?"
t3_bangalore_airport_breakfast_options,Best Breakfast Options at Bangalore Airport?,https://www.reddit.com/r/bangalore/comments/bangalore_airport_breakfast_options/,bangalore,FoodieExplorer,2024-08-30T14:00:00Z,50,15,A user asks for recommendations for breakfast options at Bangalore Airport for early morning flights.,"Flying out early morning from Bangalore Airport. What are the best breakfast options available inside the terminals, both Indian and continental, for a quick and satisfying meal?"
t3_blr_airport_career_ops,Career Opportunities in Bangalore Airport Management/Operations,https://www.reddit.com/r/indiajobs/comments/blr_airport_career_ops/,indiajobs,AviationCareer,2024-08-31T07:30:00Z,35,10,A post discussing career opportunities within Bangalore Airport management and operations.,"For those looking for a career in airport management or operations, what kind of opportunities exist at Bangalore Airport? What are the typical entry points and growth paths?"
t3_bangalore_airport_comprehensive_guide,The Ultimate Guide to Bangalore Airport: Amenities & Services,https://www.reddit.com/r/travel/comments/bangalore_airport_comprehensive_guide/,travel,TravelBlogger,2024-09-01T15:00:00Z,100,25,A comprehensive guide to amenities and services at Bangalore Airport.,"Planning to write a detailed guide on Bangalore Airport. What are the must-know amenities, services (lounges, medical, forex, baggage), and tips that every traveler should be aware of?"
t3_blr_airport_urban_planning_challenges,Bangalore Airport Expansion: Urban Planning Challenges,https://www.reddit.com/r/urbanplanning/comments/blr_airport_urban_planning_challenges/,urbanplanning,CityPlanner,2024-09-02T08:00:00Z,70,18,A discussion on the urban planning challenges posed by Bangalore Airport's expansion.,"As Bangalore Airport continues to expand, what are the key urban planning challenges for the surrounding region? How can sustainable development be ensured amidst rapid urbanization?"
t3_bangalore_airport_investment_ops,Investment Opportunities Related to Bangalore Airport?,https://www.reddit.com/r/indiafinance/comments/bangalore_airport_investment_ops/,indiafinance,InvestmentAnalyst,2024-09-03T16:30:00Z,20,5,A post analyzing investment opportunities in companies operating at Bangalore Airport.,"Are there any listed companies directly involved in Bangalore Airport's operations, retail, or infrastructure that present good investment opportunities for long-term growth?"
t3_blr_airport_interesting_facts,Interesting Facts About Bangalore Airport!,https://www.reddit.com/r/aviationfacts/comments/blr_airport_interesting_facts/,aviationfacts,AviationLover,2024-09-04T09:00:00Z,50,12,A user shares interesting facts about Bangalore Airport.,"Did you know these interesting facts about Bangalore Airport? From its unique architectural elements to its impressive passenger handling capacity, what surprising details have you discovered?"
t3_bangalore_airport_tourist_transport,Transport from Bangalore Airport to Tourist Attractions?,https://www.reddit.com/r/bangalore/comments/bangalore_airport_tourist_transport/,bangalore,CityGuide,2024-09-05T17:00:00Z,35,10,A query about local transport options from Bangalore Airport to major tourist attractions.,"For tourists arriving at Bangalore Airport, what are the best and most convenient transport options to reach major attractions like Cubbon Park, Lal Bagh, or Bangalore Palace? Any direct routes?"
t3_blr_airport_customer_service_innovations,Customer Service Innovations at Bangalore Airport,https://www.reddit.com/r/business/comments/blr_airport_customer_service_innovations/,business,AirportInnovation,2024-09-06T09:30:00Z,60,15,A post discussing customer service innovations at Bangalore Airport.,Bangalore Airport is known for its focus on passenger experience. What are some notable customer service innovations or initiatives they've implemented to enhance traveler satisfaction?
t3_bangalore_airport_arrival_times,Recommended Arrival Times at Bangalore Airport (Domestic/Intl)?,https://www.reddit.com/r/travelhacks/comments/bangalore_airport_arrival_times/,travelhacks,TravelExpert,2024-09-07T18:00:00Z,75,20,A user asks for the best time to arrive at Bangalore Airport for domestic and international flights.,"What's the recommended arrival time at Bangalore Airport before a domestic flight and an international flight, considering peak hours and potential delays? Is 2 hours domestic and 3 international enough?"
t3_blr_airport_faster_security,Tips for Faster Security Clearance at Bangalore Airport,https://www.reddit.com/r/travel/comments/blr_airport_faster_security/,travel,AirportSecurityTips,2024-09-08T05:00:00Z,60,15,A post offering practical tips for faster security clearance at Bangalore Airport.,"Want to breeze through security at Bangalore Airport? Here are some practical tips, from what to wear to how to pack your carry-on, to ensure a faster and smoother screening process."
t3_bangalore_airport_nearby_attractions,Places to Visit Near Bangalore Airport for Short Layover?,https://www.reddit.com/r/bangalore/comments/bangalore_airport_nearby_attractions/,bangalore,LocalGuide,2024-09-09T14:15:00Z,35,10,A user asks for recommendations for places to visit near Bangalore Airport for a short layover.,Have a 5-6 hour layover at Bangalore Airport. Any interesting places nearby I can quickly visit without going too far into the city? Looking for something unique or relaxing.
t3_blr_airport_cargo_economy_impact,Air Cargo from Bangalore Airport: Impact on India's Economy,https://www.reddit.com/r/indiaeconomy/comments/blr_airport_cargo_economy_impact/,indiaeconomy,AviationAnalyst,2024-09-10T08:00:00Z,40,12,A discussion on the impact of air cargo growth from Bangalore Airport on India's economy.,"The burgeoning air cargo operations from Bangalore Airport are a significant boost to India's economy, especially for tech and pharmaceutical exports. What's the broader economic impact?"
t3_bangalore_airport_digital_payments,Digital Payments at Bangalore Airport: Cashless Experience?,https://www.reddit.com/r/digitalindia/comments/bangalore_airport_digital_payments/,digitalindia,DigitalIndia,2024-09-11T17:00:00Z,30,10,A post discussing the digital payment acceptance and cashless initiatives at Bangalore Airport.,"How widespread is digital payment acceptance (UPI, credit cards, digital wallets) at Bangalore Airport for retail, F&B, and transport? Is it truly becoming a cashless airport?"
t3_blr_airport_employee_welfare,Employee Welfare & Work Culture at Bangalore Airport?,https://www.reddit.com/r/indiajobs/comments/blr_airport_employee_welfare/,indiajobs,AirportStaff,2024-09-12T09:30:00Z,50,15,A post about employee welfare and work culture at Bangalore Airport.,"For those working at Bangalore Airport, what's the general work culture and focus on employee welfare like? Any insights into staff benefits or support systems?"
t3_bangalore_airport_intl_transfer,International Transfer Facilities at Bangalore Airport?,https://www.reddit.com/r/travel/comments/bangalore_airport_intl_transfer/,travel,TravelAdvice,2024-09-13T18:00:00Z,30,10,A query about facilities for international transfer passengers at Bangalore Airport.,"For international passengers transferring at Bangalore Airport (e.g., changing flights from Europe to Southeast Asia), what are the facilities available in the international transit area? Do you need to clear immigration?"
t3_blr_airport_shopping_variety,Shopping Variety at Bangalore Airport: Best Picks?,https://www.reddit.com/r/retailtherapy/comments/blr_airport_shopping_variety/,retailtherapy,AirportRetail,2024-09-14T05:30:00Z,40,12,A post about the variety of shopping options available at Bangalore Airport.,"Bangalore Airport boasts a diverse range of shopping options, from high-end brands to local handicrafts. What are your favorite stores or product categories to explore while at the airport?"
t3_bangalore_airport_nearby_infra_projects,Ongoing & Planned Infrastructure Projects Near Bangalore Airport,https://www.reddit.com/r/bangalore/comments/bangalore_airport_nearby_infra_projects/,bangalore,InfrastructureProjects,2024-09-15T14:00:00Z,80,20,A discussion on ongoing and planned infrastructure projects near Bangalore Airport.,"What are the major ongoing and planned infrastructure projects (roads, flyovers, residential/commercial zones) in the vicinity of Bangalore Airport that will shape its future connectivity and urban landscape?"
t3_blr_airport_widebody_flights,Wide-Body Aircraft Operations from Bangalore Airport?,https://www.reddit.com/r/aviation/comments/blr_airport_widebody_flights/,aviation,AviationGeek,2024-09-16T08:30:00Z,40,10,A post about the airlines operating specific wide-body aircraft from Bangalore Airport.,"Which airlines currently operate wide-body aircraft (e.g., Boeing 747/777/787, Airbus A330/350/380) from Bangalore Airport, and on which routes? Any exciting new additions expected?"
t3_bangalore_airport_evisa_queues,Bangalore Airport Immigration for E-Visa Holders: Queue Status?,https://www.reddit.com/r/travelindia/comments/bangalore_airport_evisa_queues/,travelindia,PassengerFeedback,2024-09-17T17:00:00Z,50,15,A user asks for feedback on immigration queues for e-visa holders at Bangalore Airport.,"For e-visa holders, how are the immigration queues at Bangalore Airport currently? Are they efficient, or should I anticipate long wait times? Any recent experiences to share?"
t3_blr_airport_future_concept_art,Futuristic Vision: Concept Art of Bangalore Airport's Future,https://www.reddit.com/r/architecture/comments/blr_airport_future_concept_art/,architecture,CityscapeArtist,2024-09-18T09:00:00Z,30,8,A post sharing artistic renditions or concept art of Bangalore Airport's future.,"Came across some incredible concept art showcasing the future vision of Bangalore Airport, including proposed terminals and surrounding infrastructure. What do you think of these futuristic designs?"
t3_bangalore_airport_inter_terminal_transfer,Inter-Terminal Transfer at Bangalore Airport (T1 to T2)?,https://www.reddit.com/r/travelhacks/comments/bangalore_airport_inter_terminal_transfer/,travelhacks,TravelGuide,2024-09-19T18:00:00Z,35,10,A user asks for guidance on inter-terminal transfers at Bangalore Airport.,"I have a flight connecting between Terminal 1 and Terminal 2 at Bangalore Airport. How easy is it to transfer, are there clear signs, and what's the recommended mode of transport between them?"
t3_blr_airport_passenger_feedback_surveys,Passenger Feedback & Surveys at Bangalore Airport: Latest Findings,https://www.reddit.com/r/india/comments/blr_airport_passenger_feedback_surveys/,india,NewsReporter,2024-09-20T05:30:00Z,60,15,A news report on passenger feedback and surveys conducted at Bangalore Airport.,Bangalore Airport frequently conducts passenger feedback surveys to improve services. What are some recent findings or areas where passengers have requested improvements?
t3_bangalore_airport_corporate_travel,Corporate Travel & Parking at Bangalore Airport - Options?,https://www.reddit.com/r/businessindia/comments/bangalore_airport_corporate_travel/,businessindia,BusinessTraveler,2024-09-21T14:00:00Z,30,8,A query about corporate transport tie-ups and reserved parking at Bangalore Airport.,"For frequent corporate travelers, do companies have special tie-ups with Bangalore Airport for transport or reserved parking? What are the options for seamless executive travel?"
t3_blr_airport_europe_direct_flights,New Direct Flights from Bangalore Airport to Europe!,https://www.reddit.com/r/travel/comments/blr_airport_europe_direct_flights/,travel,AirlinesForum,2024-09-22T07:15:00Z,75,20,A discussion on new direct flights from Bangalore Airport to specific European cities.,"Excited about the increasing number of direct flights from Bangalore Airport to European destinations like Amsterdam, Paris, and Frankfurt. How has this improved connectivity for you?"
t3_bangalore_airport_t2_positive_review,World-Class Experience at Bangalore Airport Terminal 2!,https://www.reddit.com/r/bangalore/comments/bangalore_airport_t2_positive_review/,bangalore,AirportExperience,2024-09-23T16:00:00Z,120,30,A positive review highlighting the overall pleasant experience at Bangalore Airport's Terminal 2.,"Just wanted to commend Bangalore Airport, especially Terminal 2. The experience was truly world-class, from the ambiance to the efficiency. A very pleasant journey overall!"